t,s
0,-5.23891
0.00350175,0.218728
0.0070035,-3.16885
0.0105053,6.81431
0.014007,-3.29335
0.0175088,7.26776
0.0210105,-4.47778
0.0245123,3.69452
0.028014,4.87071
0.0315158,11.1381
0.0350175,11.8183
0.0385193,-3.83294
0.042021,12.7834
0.0455228,6.90328
0.0490245,-3.17366
0.0525263,-0.682996
0.056028,4.66652
0.0595298,-0.668237
0.0630315,-1.35889
0.0665333,-1.50079
0.070035,5.32216
0.0735368,0.73111
0.0770385,2.33607
0.0805403,-3.86637
0.084042,5.5632
0.0875438,-7.09326
0.0910455,2.29789
0.0945473,-2.02866
0.098049,-1.65727
0.101551,-1.63061
0.105053,0.0952294
0.108554,-3.8335
0.112056,-0.935884
0.115558,-3.63185
0.11906,3.32137
0.122561,-1.1328
0.126063,-3.27222
0.129565,-0.414336
0.133067,8.93436
0.136568,3.57385
0.14007,-0.268116
0.143572,1.18676
0.147074,1.26753
0.150575,-7.05731
0.154077,3.30458
0.157579,1.36814
0.161081,0.509425
0.164582,8.70287
0.168084,-11.0472
0.171586,7.2436
0.175088,0.553036
0.178589,-3.65042
0.182091,5.19362
0.185593,-5.67235
0.189095,-0.670662
0.192596,-4.6456
0.196098,-5.1841
0.1996,4.78881
0.203102,-0.587532
0.206603,-10.3822
0.210105,-1.01914
0.213607,3.47465
0.217109,0.814174
0.22061,5.62594
0.224112,0.676278
0.227614,7.98066
0.231116,-4.77812
0.234617,9.5592
0.238119,0.187109
0.241621,4.33374
0.245123,1.88979
0.248624,4.92838
0.252126,1.23019
0.255628,-0.946047
0.25913,4.85383
0.262631,0.807155
0.266133,-0.593928
0.269635,1.22941
0.273137,4.17725
0.276638,12.8115
0.28014,-3.31937
0.283642,-1.75543
0.287144,7.77829
0.290645,-2.65983
0.294147,-8.27297
0.297649,-0.454686
0.301151,-2.99586
0.304652,13.699
0.308154,9.11845
0.311656,-1.79499
0.315158,8.66537
0.318659,1.90773
0.322161,-0.783876
0.325663,-6.18154
0.329165,-0.392332
0.332666,-2.2741
0.336168,-4.29533
0.33967,-5.46095
0.343172,-6.90506
0.346673,2.22336
0.350175,0.554857
0.353677,0.996407
0.357179,3.57697
0.36068,-6.07123
0.364182,1.10631
0.367684,2.65686
0.371186,2.98911
0.374687,-0.289669
0.378189,4.10594
0.381691,-3.15905
0.385193,-13.4603
0.388694,9.78188
0.392196,-0.0908583
0.395698,-1.88289
0.3992,-1.6501
0.402701,-1.35451
0.406203,4.82899
0.409705,7.5544
0.413207,-4.21967
0.416708,-9.89074
0.42021,2.83044
0.423712,-1.35983
0.427214,0.485998
0.430715,6.71812
0.434217,-10.8397
0.437719,-9.48775
0.441221,-0.882193
0.444722,-5.16763
0.448224,-2.69498
0.451726,2.61445
0.455228,-8.75625
0.458729,-1.13337
0.462231,2.09948
0.465733,-1.17783
0.469235,0.994753
0.472736,0.305215
0.476238,2.85436
0.47974,2.30598
0.483242,-5.45166
0.486743,-3.38861
0.490245,-6.89025
0.493747,-14.8012
0.497249,2.86906
0.50075,-1.03689
0.504252,2.76446
0.507754,-0.0517755
0.511256,0.335503
0.514757,3.65034
0.518259,-4.81934
0.521761,-2.51165
0.525263,4.47784
0.528764,-0.933137
0.532266,4.09262
0.535768,-4.30486
0.53927,-6.44859
0.542771,-5.24332
0.546273,2.59165
0.549775,-4.72503
0.553277,2.56157
0.556778,-9.33364
0.56028,2.97383
0.563782,-3.23399
0.567284,-8.92003
0.570785,-8.21465
0.574287,-1.67882
0.577789,-3.0701
0.581291,-0.899828
0.584792,0.332983
0.588294,-2.99539
0.591796,-2.08002
0.595298,3.30438
0.598799,-2.39299
0.602301,0.515347
0.605803,7.26115
0.609305,0.121914
0.612806,2.55388
0.616308,0.0410602
0.61981,-1.90906
0.623312,7.34428
0.626813,-0.280829
0.630315,-2.30707
0.633817,3.37381
0.637319,-4.1185
0.64082,-4.27389
0.644322,7.40104
0.647824,-13.0493
0.651326,4.12222
0.654827,1.9002
0.658329,3.31356
0.661831,4.30865
0.665333,7.76541
0.668834,-0.184364
0.672336,-1.97208
0.675838,4.85187
0.67934,-3.20764
0.682841,-5.59835
0.686343,3.05816
0.689845,-7.28706
0.693347,8.22807
0.696848,-0.813122
0.70035,1.54897
0.703852,-1.6032
0.707354,4.21488
0.710855,-2.70951
0.714357,3.42585
0.717859,-1.3132
0.721361,-3.30788
0.724862,-7.86012
0.728364,8.50113
0.731866,1.89312
0.735368,2.75578
0.738869,-1.43082
0.742371,15.0255
0.745873,4.11334
0.749375,6.9913
0.752876,-4.49713
0.756378,-2.75363
0.75988,4.03459
0.763382,2.92869
0.766883,9.99768
0.770385,1.30038
0.773887,-0.284181
0.777389,0.862718
0.78089,-2.45314
0.784392,9.0025
0.787894,6.92036
0.791396,1.71848
0.794897,5.30622
0.798399,-8.29265
0.801901,2.56687
0.805403,12.8667
0.808904,-9.47233
0.812406,1.40899
0.815908,5.01431
0.81941,-2.57159
0.822911,5.09936
0.826413,5.21108
0.829915,5.3071
0.833417,0.805896
0.836918,2.75305
0.84042,1.00869
0.843922,0.802813
0.847424,2.02286
0.850925,6.34842
0.854427,13.9556
0.857929,3.87606
0.861431,8.4592
0.864932,2.30811
0.868434,2.57193
0.871936,6.80136
0.875438,6.86863
0.878939,2.26232
0.882441,9.95875
0.885943,-3.64269
0.889445,-3.67453
0.892946,3.15781
0.896448,5.53408
0.89995,0.596399
0.903452,0.563955
0.906953,-5.15351
0.910455,2.37263
0.913957,-4.67775
0.917459,-2.85588
0.92096,3.90965
0.924462,-4.3145
0.927964,-3.35277
0.931466,-4.59031
0.934967,0.0547182
0.938469,-1.54661
0.941971,-0.250066
0.945473,8.44709
0.948974,-1.37915
0.952476,-2.04563
0.955978,0.386444
0.95948,7.02779
0.962981,2.71386
0.966483,-0.731832
0.969985,-5.74988
0.973487,8.96021
0.976988,4.00445
0.98049,5.03237
0.983992,-4.24559
0.987494,-1.7214
0.990995,-12.816
0.994497,-6.38443
0.997999,-9.47025
1.0015,-3.64936
1.005,9.8305
1.0085,6.02299
1.01201,-2.71613
1.01551,-1.88228
1.01901,2.18349
1.02251,-9.29677
1.02601,4.06421
1.02951,-4.41746
1.03302,-4.30304
1.03652,-7.34521
1.04002,-7.90951
1.04352,2.88291
1.04702,-4.6966
1.05053,0.589558
1.05403,-9.50215
1.05753,-5.06522
1.06103,-6.26697
1.06453,-4.37946
1.06803,-7.2387
1.07154,-4.50054
1.07504,-2.72165
1.07854,-0.273504
1.08204,-2.9922
1.08554,-2.91413
1.08904,-19.099
1.09255,-0.277283
1.09605,-1.37502
1.09955,1.24703
1.10305,-10.9244
1.10655,3.36776
1.11006,-0.744066
1.11356,-8.19836
1.11706,0.199769
1.12056,-11.7342
1.12406,5.75373
1.12756,3.83472
1.13107,-14.6237
1.13457,-7.13022
1.13807,6.29558
1.14157,7.06326
1.14507,-3.51811
1.14857,-3.95728
1.15208,1.91101
1.15558,-5.77562
1.15908,-7.84824
1.16258,-6.95269
1.16608,-11.1578
1.16958,-14.8551
1.17309,-3.22406
1.17659,-5.8178
1.18009,-6.51043
1.18359,4.63584
1.18709,4.06707
1.1906,3.47418
1.1941,17.2436
1.1976,-2.49713
1.2011,-9.94637
1.2046,2.19828
1.2081,2.37126
1.21161,-5.2156
1.21511,6.69253
1.21861,2.01932
1.22211,4.88361
1.22561,1.24793
1.22911,-1.66594
1.23262,-2.07208
1.23612,3.18538
1.23962,-2.4077
1.24312,-6.40889
1.24662,5.41497
1.25013,-14.9977
1.25363,7.28798
1.25713,1.26617
1.26063,-2.13827
1.26413,-3.32271
1.26763,4.37337
1.27114,8.41061
1.27464,0.81949
1.27814,-0.976771
1.28164,4.09397
1.28514,-1.58333
1.28864,4.80385
1.29215,-3.02234
1.29565,-8.14674
1.29915,-2.39433
1.30265,-0.937224
1.30615,2.48743
1.30965,7.2967
1.31316,3.73255
1.31666,2.41944
1.32016,5.80345
1.32366,1.3148
1.32716,-0.457136
1.33067,8.31352
1.33417,0.0191877
1.33767,5.87627
1.34117,-3.06154
1.34467,-4.54517
1.34817,8.7152
1.35168,1.39748
1.35518,9.76272
1.35868,2.47406
1.36218,2.15137
1.36568,7.41927
1.36918,-8.42812
1.37269,-13.3068
1.37619,2.73312
1.37969,-4.6778
1.38319,3.30486
1.38669,-8.89076
1.3902,19.6509
1.3937,3.43329
1.3972,-1.5834
1.4007,4.81697
1.4042,-0.612061
1.4077,-10.3386
1.41121,1.36642
1.41471,3.31324
1.41821,5.53656
1.42171,1.13435
1.42521,-2.46394
1.42871,6.22697
1.43222,7.66457
1.43572,4.70776
1.43922,-9.41279
1.44272,-16.2045
1.44622,-0.683747
1.44972,6.94384
1.45323,-12.6637
1.45673,-2.27228
1.46023,9.60928
1.46373,7.41092
1.46723,5.73943
1.47074,0.48673
1.47424,16.9237
1.47774,1.52858
1.48124,3.89036
1.48474,6.4037
1.48824,1.9705
1.49175,2.38488
1.49525,-5.47979
1.49875,3.46827
1.50225,-1.95724
1.50575,-3.85022
1.50925,-2.18478
1.51276,9.80704
1.51626,4.04131
1.51976,2.074
1.52326,0.0537162
1.52676,0.631059
1.53027,0.562478
1.53377,-4.22798
1.53727,-3.65454
1.54077,1.6672
1.54427,-1.1713
1.54777,-1.4016
1.55128,-3.10624
1.55478,3.31516
1.55828,-0.11205
1.56178,-7.13936
1.56528,-4.04537
1.56878,8.76231
1.57229,3.55237
1.57579,2.54609
1.57929,3.35097
1.58279,2.1778
1.58629,8.15458
1.58979,-0.402186
1.5933,-12.4104
1.5968,-0.449073
1.6003,-8.57287
1.6038,2.63675
1.6073,3.00517
1.61081,-0.819378
1.61431,-4.69751
1.61781,-3.38299
1.62131,-6.45518
1.62481,-2.3182
1.62831,-5.8884
1.63182,2.11432
1.63532,-2.43608
1.63882,8.12694
1.64232,0.15483
1.64582,1.34389
1.64932,-5.48929
1.65283,-4.18621
1.65633,-5.31696
1.65983,-3.43204
1.66333,4.42829
1.66683,-1.15727
1.67034,-14.6791
1.67384,1.25215
1.67734,-1.27045
1.68084,-6.08065
1.68434,-3.46483
1.68784,7.67653
1.69135,3.0825
1.69485,-2.12778
1.69835,-5.16717
1.70185,-6.719
1.70535,-3.46362
1.70885,-3.43904
1.71236,-4.34155
1.71586,-4.85895
1.71936,-2.60379
1.72286,5.53941
1.72636,-3.86204
1.72986,-11.5856
1.73337,-5.29262
1.73687,-5.97616
1.74037,0.529714
1.74387,2.67053
1.74737,-1.42618
1.75088,-5.07935
1.75438,-4.34685
1.75788,-6.64672
1.76138,-8.68475
1.76488,-8.5552
1.76838,-12.7124
1.77189,-2.42049
1.77539,-1.98236
1.77889,-13.5826
1.78239,18.0579
1.78589,-9.08385
1.78939,-15.6312
1.7929,12.3387
1.7964,-15.1821
1.7999,10.2692
1.8034,-7.52563
1.8069,0.277252
1.81041,1.93117
1.81391,-2.88024
1.81741,4.57734
1.82091,-10.6909
1.82441,-3.73014
1.82791,0.201182
1.83142,3.45008
1.83492,-3.86622
1.83842,-20.0829
1.84192,7.41706
1.84542,0.686787
1.84892,-9.57424
1.85243,3.61034
1.85593,6.48159
1.85943,-4.46079
1.86293,-0.669199
1.86643,0.638831
1.86993,2.92387
1.87344,0.495325
1.87694,-8.95753
1.88044,-3.51735
1.88394,-4.27379
1.88744,1.90306
1.89095,-2.10598
1.89445,9.25618
1.89795,1.49661
1.90145,-3.34827
1.90495,-0.80113
1.90845,4.95172
1.91196,-5.98185
1.91546,5.88655
1.91896,-3.57252
1.92246,2.3501
1.92596,-3.5311
1.92946,13.7292
1.93297,1.24033
1.93647,-4.13031
1.93997,7.38744
1.94347,6.03318
1.94697,-0.968806
1.95048,-2.61337
1.95398,0.486305
1.95748,2.50338
1.96098,10.859
1.96448,4.58047
1.96798,0.0200045
1.97149,-3.9135
1.97499,13.4401
1.97849,9.94494
1.98199,5.37499
1.98549,8.00583
1.98899,-1.89685
1.9925,14.5116
1.996,0.584669
1.9995,15.7629
2.003,10.0027
2.0065,1.57454
2.01001,2.41047
2.01351,17.4955
2.01701,8.77114
2.02051,1.7054
2.02401,12.2651
2.02751,12.6188
2.03102,4.74866
2.03452,0.83233
2.03802,-2.12972
2.04152,-2.17649
2.04502,-5.47851
2.04852,1.38151
2.05203,-0.650162
2.05553,-0.248112
2.05903,-5.63163
2.06253,25.6776
2.06603,-4.14281
2.06953,24.1789
2.07304,18.5975
2.07654,1.0973
2.08004,-5.31358
2.08354,18.9563
2.08704,-14.3344
2.09055,-6.78234
2.09405,11.707
2.09755,17.866
2.10105,3.42012
2.10455,21.2002
2.10805,6.49887
2.11156,11.3608
2.11506,4.60422
2.11856,10.3285
2.12206,5.26783
2.12556,4.79313
2.12906,10.5659
2.13257,-5.76051
2.13607,0.560899
2.13957,9.18805
2.14307,3.04657
2.14657,15.3992
2.15008,5.89084
2.15358,0.52583
2.15708,10.831
2.16058,7.59272
2.16408,7.40315
2.16758,15.7372
2.17109,5.1088
2.17459,4.8228
2.17809,7.16359
2.18159,-7.96433
2.18509,8.71703
2.18859,-5.14368
2.1921,7.04856
2.1956,-11.5656
2.1991,0.445509
2.2026,6.66142
2.2061,4.79906
2.2096,-2.22774
2.21311,5.82845
2.21661,-1.55449
2.22011,-0.874851
2.22361,-2.34519
2.22711,5.35028
2.23062,-4.08695
2.23412,0.201293
2.23762,-2.16492
2.24112,-11.213
2.24462,-0.48549
2.24812,7.46303
2.25163,-1.99019
2.25513,-13.2164
2.25863,-0.53236
2.26213,-12.4199
2.26563,-8.73546
2.26913,-3.40443
2.27264,-13.8252
2.27614,-13.0595
2.27964,3.09127
2.28314,5.34408
2.28664,4.12474
2.29015,-12.2035
2.29365,8.27917
2.29715,-9.01911
2.30065,-18.3556
2.30415,4.46822
2.30765,2.92885
2.31116,-6.23586
2.31466,-10.6446
2.31816,-17.6187
2.32166,11.0794
2.32516,0.67054
2.32866,-21.2196
2.33217,-15.9524
2.33567,-6.48866
2.33917,-4.75404
2.34267,1.25251
2.34617,3.22237
2.34967,-10.988
2.35318,3.42272
2.35668,-1.53163
2.36018,-8.06116
2.36368,-11.5424
2.36718,-17.3123
2.37069,2.05027
2.37419,-27.0048
2.37769,6.23394
2.38119,-27.7036
2.38469,7.83938
2.38819,-11.4966
2.3917,-4.45128
2.3952,-14.8923
2.3987,-3.76722
2.4022,13.2834
2.4057,-11.3539
2.4092,-24.697
2.41271,-23.0054
2.41621,-5.3846
2.41971,-9.09672
2.42321,-1.60555
2.42671,-2.20017
2.43022,-5.6257
2.43372,5.31743
2.43722,-9.03246
2.44072,7.32858
2.44422,-9.73468
2.44772,-7.36791
2.45123,-13.2909
2.45473,-17.139
2.45823,-1.45531
2.46173,-8.04557
2.46523,-2.2578
2.46873,-3.96783
2.47224,-1.01064
2.47574,-5.43253
2.47924,-1.25169
2.48274,-3.13469
2.48624,3.33274
2.48974,2.59917
2.49325,-9.57619
2.49675,-10.7264
2.50025,-2.74793
2.50375,0.806285
2.50725,5.03696
2.51076,3.21396
2.51426,-5.55146
2.51776,6.991
2.52126,-6.2474
2.52476,3.34071
2.52826,9.24466
2.53177,7.51345
2.53527,-3.3569
2.53877,11.6144
2.54227,6.9648
2.54577,1.38729
2.54927,-4.31933
2.55278,13.5673
2.55628,1.99486
2.55978,-2.87939
2.56328,8.67851
2.56678,-0.158301
2.57029,13.1226
2.57379,7.55137
2.57729,12.2244
2.58079,15.1694
2.58429,14.7493
2.58779,5.04468
2.5913,19.5844
2.5948,4.56149
2.5983,21.0446
2.6018,-5.83713
2.6053,-0.292297
2.6088,2.13593
2.61231,27.7333
2.61581,-16.0085
2.61931,5.17979
2.62281,16.257
2.62631,-1.13877
2.62981,4.72888
2.63332,15.3907
2.63682,-0.771021
2.64032,-14.8976
2.64382,-14.0036
2.64732,-14.5877
2.65083,-4.58228
2.65433,19.5298
2.65783,35.6421
2.66133,15.9392
2.66483,-2.64212
2.66833,-11.9573
2.67184,6.40121
2.67534,10.2614
2.67884,7.33097
2.68234,13.5844
2.68584,34.2858
2.68934,37.7105
2.69285,-12.5681
2.69635,7.76705
2.69985,3.20731
2.70335,2.15122
2.70685,41.6861
2.71036,5.23478
2.71386,6.52048
2.71736,5.44378
2.72086,8.50607
2.72436,16.6267
2.72786,9.33869
2.73137,18.725
2.73487,-4.22766
2.73837,28.025
2.74187,8.89921
2.74537,5.47513
2.74887,20.6202
2.75238,22.225
2.75588,16.9971
2.75938,9.87535
2.76288,15.0884
2.76638,18.8195
2.76988,-4.70305
2.77339,27.4034
2.77689,10.1357
2.78039,-8.70779
2.78389,15.2965
2.78739,4.27918
2.7909,19.4583
2.7944,11.2519
2.7979,0.996712
2.8014,-9.03785
2.8049,7.0035
2.8084,0.00398543
2.81191,0.919541
2.81541,8.14324
2.81891,1.85487
2.82241,1.07811
2.82591,7.81748
2.82941,-1.77476
2.83292,-4.09183
2.83642,0.758185
2.83992,-11.2063
2.84342,-11.3829
2.84692,-7.49026
2.85043,-1.60933
2.85393,-11.9335
2.85743,-6.03446
2.86093,-3.14656
2.86443,1.69996
2.86793,-30.2011
2.87144,-18.2358
2.87494,6.26928
2.87844,-14.8256
2.88194,-3.99781
2.88544,-15.4424
2.88894,-17.49
2.89245,-17.9167
2.89595,-9.4023
2.89945,-21.9426
2.90295,-13.2428
2.90645,-20.3424
2.90995,-8.20041
2.91346,-1.63175
2.91696,-6.1381
2.92046,-22.8105
2.92396,-14.0597
2.92746,-9.67894
2.93097,-24.4381
2.93447,-30.9592
2.93797,-18.3484
2.94147,-35.3539
2.94497,1.38232
2.94847,-5.8387
2.95198,-20.5719
2.95548,-13.9
2.95898,-23.4267
2.96248,-34.7467
2.96598,-8.92742
2.96948,-9.44756
2.97299,-21.412
2.97649,-18.5015
2.97999,-3.92389
2.98349,-9.77578
2.98699,-27.0199
2.9905,-7.1424
2.994,-52.7054
2.9975,-32.3465
3.001,-9.36513
3.0045,-54.1252
3.008,-44.8417
3.01151,10.5833
3.01501,3.41739
3.01851,-14.4262
3.02201,-44.4352
3.02551,-17.0345
3.02901,-19.1924
3.03252,20.3675
3.03602,-5.6015
3.03952,0.476295
3.04302,-19.6629
3.04652,19.7178
3.05003,-20.293
3.05353,-4.35998
3.05703,-16.9831
3.06053,-7.11325
3.06403,-7.58817
3.06753,-10.3363
3.07104,-22.0646
3.07454,4.70404
3.07804,-18.2627
3.08154,-26.6672
3.08504,-4.23421
3.08854,-20.8844
3.09205,-11.1471
3.09555,-7.07801
3.09905,11.1059
3.10255,-1.37093
3.10605,-0.310435
3.10955,13.6577
3.11306,-3.11818
3.11656,-4.28833
3.12006,-3.12531
3.12356,-9.97412
3.12706,-10.6646
3.13057,-10.9853
3.13407,-3.16607
3.13757,2.2418
3.14107,-2.39363
3.14457,5.0515
3.14807,1.63814
3.15158,-4.29933
3.15508,15.9309
3.15858,9.53454
3.16208,-1.51208
3.16558,-5.41498
3.16908,12.9569
3.17259,4.00965
3.17609,26.4309
3.17959,-13.2488
3.18309,13.3293
3.18659,2.62122
3.1901,9.32704
3.1936,18.9768
3.1971,-16.1112
3.2006,13.6963
3.2041,26.1415
3.2076,3.89394
3.21111,-16.0049
3.21461,20.9371
3.21811,9.01393
3.22161,32.7914
3.22511,19.8573
3.22861,-1.73577
3.23212,28.5187
3.23562,22.0328
3.23912,16.7076
3.24262,-10.9939
3.24612,44.0404
3.24962,35.8334
3.25313,-14.7313
3.25663,25.6508
3.26013,-11.5261
3.26363,-13.2887
3.26713,6.23399
3.27064,35.2857
3.27414,-1.17938
3.27764,33.6338
3.28114,70.4926
3.28464,38.9899
3.28814,4.21783
3.29165,-12.7291
3.29515,27.3992
3.29865,14.8124
3.30215,57.4762
3.30565,-3.61858
3.30915,60.9014
3.31266,0.142936
3.31616,-9.55009
3.31966,-25.527
3.32316,24.4067
3.32666,60.4982
3.33017,-0.226137
3.33367,-2.53337
3.33717,30.9831
3.34067,16.4555
3.34417,9.00413
3.34767,50.8451
3.35118,10.2228
3.35468,8.1803
3.35818,9.19202
3.36168,1.16098
3.36518,43.7549
3.36868,-1.35341
3.37219,10.7541
3.37569,27.7153
3.37919,43.3647
3.38269,-3.32917
3.38619,6.78536
3.38969,20.1137
3.3932,27.0616
3.3967,22.663
3.4002,-10.248
3.4037,4.47603
3.4072,20.3046
3.41071,25.363
3.41421,12.1374
3.41771,5.28848
3.42121,-3.86709
3.42471,-8.79709
3.42821,0.398793
3.43172,7.11258
3.43522,8.27742
3.43872,10.2417
3.44222,9.59133
3.44572,9.7901
3.44922,5.15215
3.45273,-1.46162
3.45623,0.135794
3.45973,-10.9275
3.46323,-0.587777
3.46673,0.553432
3.47024,3.9989
3.47374,-12.2317
3.47724,13.2551
3.48074,9.56639
3.48424,13.2525
3.48774,-3.00793
3.49125,11.5423
3.49475,-30.7547
3.49825,-22.6938
3.50175,3.95212
3.50525,-29.6829
3.50875,-4.54798
3.51226,6.6408
3.51576,-33.2515
3.51926,1.01525
3.52276,-19.7913
3.52626,-37.4635
3.52976,-38.838
3.53327,-40.8226
3.53677,-70.7356
3.54027,-12.4368
3.54377,-81.2823
3.54727,-53.4091
3.55078,-33.0901
3.55428,-65.1264
3.55778,-91.9499
3.56128,0.696082
3.56478,-83.4452
3.56828,-36.3534
3.57179,-46.169
3.57529,-92.4178
3.57879,-23.3672
3.58229,-82.8143
3.58579,-37.7825
3.58929,2.41329
3.5928,-34.7718
3.5963,-40.7684
3.5998,45.6195
3.6033,-11.1393
3.6068,58.4304
3.61031,0.443589
3.61381,-25.2643
3.61731,5.0106
3.62081,-28.0257
3.62431,-54.3125
3.62781,-108.495
3.63132,-37.6584
3.63482,-28.0682
3.63832,-64.6063
3.64182,-23.5682
3.64532,-30.3288
3.64882,-0.73085
3.65233,-2.4929
3.65583,25.8365
3.65933,35.2008
3.66283,-12.8853
3.66633,12.4761
3.66983,-63.0115
3.67334,-1.3186
3.67684,-53.215
3.68034,-77.4334
3.68384,-7.72878
3.68734,-36.9816
3.69085,-10.3684
3.69435,-62.2077
3.69785,-42.6193
3.70135,-13.3037
3.70485,-13.972
3.70835,-5.47738
3.71186,-45.8611
3.71536,-32.6418
3.71886,-33.6252
3.72236,3.12151
3.72586,2.03779
3.72936,4.88239
3.73287,-12.4986
3.73637,-5.67109
3.73987,-16.7192
3.74337,11.9434
3.74687,-3.8616
3.75038,-23.9438
3.75388,-6.81527
3.75738,-0.616145
3.76088,-14.9712
3.76438,-4.25663
3.76788,-4.71936
3.77139,0.240896
3.77489,-0.257993
3.77839,-3.15263
3.78189,2.48575
3.78539,-7.35629
3.78889,1.22564
3.7924,-5.83642
3.7959,12.2234
3.7994,20.7955
3.8029,3.30634
3.8064,27.0909
3.8099,17.1539
3.81341,41.5874
3.81691,31.5849
3.82041,12.5789
3.82391,48.9222
3.82741,45.115
3.83092,14.7639
3.83442,51.4268
3.83792,-3.54451
3.84142,68.1027
3.84492,25.7163
3.84842,-54.2357
3.85193,26.7236
3.85543,12.94
3.85893,27.8326
3.86243,6.03179
3.86593,71.5562
3.86943,39.2632
3.87294,78.7418
3.87644,13.4326
3.87994,110.887
3.88344,78.4521
3.88694,-11.9315
3.89045,44.5137
3.89395,-38.4575
3.89745,50.5647
3.90095,95.3652
3.90445,-5.85339
3.90795,48.8293
3.91146,83.6115
3.91496,111.437
3.91846,-6.90107
3.92196,62.829
3.92546,-12.583
3.92896,-36.7793
3.93247,28.84
3.93597,76.8983
3.93947,106.322
3.94297,137.299
3.94647,118.25
3.94997,5.80149
3.95348,51.305
3.95698,59.455
3.96048,-34.5321
3.96398,-41.2766
3.96748,60.5218
3.97099,148.492
3.97449,55.9147
3.97799,95.4229
3.98149,-11.6882
3.98499,113.235
3.98849,69.1398
3.992,68.3066
3.9955,66.5987
3.999,55.5296
4.0025,-45.3565
4.006,22.5194
4.0095,86.4873
4.01301,26.9255
4.01651,47.748
4.02001,64.9901
4.02351,8.91113
4.02701,30.0553
4.03052,49.2054
4.03402,18.2067
4.03752,31.4771
4.04102,9.68291
4.04452,42.8823
4.04802,23.4767
4.05153,38.1462
4.05503,18.375
4.05853,-5.63271
4.06203,12.2837
4.06553,4.66446
4.06903,0.192089
4.07254,8.62574
4.07604,-9.19159
4.07954,-9.67232
4.08304,2.21308
4.08654,-7.96404
4.09005,-5.47967
4.09355,-5.82008
4.09705,-19.8726
4.10055,-16.2779
4.10405,-30.1545
4.10755,-21.4061
4.11106,-39.6003
4.11456,-43.7974
4.11806,-21.4081
4.12156,-37.9135
4.12506,-6.5769
4.12856,13.3416
4.13207,-15.7756
4.13557,-25.8153
4.13907,-50.6986
4.14257,-33.9876
4.14607,-71.3388
4.14957,-57.6685
4.15308,-82.4178
4.15658,-83.6808
4.16008,-42.0237
4.16358,-12.7065
4.16708,-121.187
4.17059,-17.9239
4.17409,-101.669
4.17759,9.87901
4.18109,4.10943
4.18459,-0.952044
4.18809,-132.842
4.1916,2.35274
4.1951,-24.3813
4.1986,-148.538
4.2021,-10.1653
4.2056,7.51897
4.2091,0.283083
4.21261,-135.272
4.21611,-120.118
4.21961,-161.199
4.22311,-259.677
4.22661,-130.325
4.23012,-8.83635
4.23362,34.8606
4.23712,-37.2551
4.24062,-6.11825
4.24412,8.97203
4.24762,-174.581
4.25113,65.6766
4.25463,-62.5428
4.25813,-150.685
4.26163,-175.416
4.26513,-140.14
4.26863,-70.0312
4.27214,18.5711
4.27564,-142.976
4.27914,-63.0215
4.28264,-61.2122
4.28614,-118.79
4.28964,-7.50467
4.29315,-84.7505
4.29665,-111.843
4.30015,-41.7468
4.30365,-59.4037
4.30715,-143.284
4.31066,-23.9993
4.31416,-44.0395
4.31766,24.9003
4.32116,-72.4782
4.32466,-90.377
4.32816,-18.6996
4.33167,-23.2801
4.33517,-18.2728
4.33867,-55.3051
4.34217,-33.7104
4.34567,-101.445
4.34917,-102.324
4.35268,-105.344
4.35618,-68.4266
4.35968,19.322
4.36318,15.874
4.36668,-42.488
4.37019,-20.4448
4.37369,-29.2314
4.37719,-23.9883
4.38069,0.709134
4.38419,-24.1772
4.38769,6.27119
4.3912,4.05726
4.3947,-2.23569
4.3982,3.70554
4.4017,-2.9
4.4052,-0.91312
4.4087,-0.623617
4.41221,13.3424
4.41571,27.0568
4.41921,8.25122
4.42271,18.9579
4.42621,22.6735
4.42971,53.6638
4.43322,-7.7419
4.43672,78.1008
4.44022,64.6592
4.44372,73.0626
4.44722,64.2646
4.45073,-56.4727
4.45423,3.02996
4.45773,15.1075
4.46123,140.191
4.46473,3.36542
4.46823,73.4882
4.47174,25.8439
4.47524,7.86376
4.47874,177.798
4.48224,6.96683
4.48574,75.5486
4.48924,-47.2221
4.49275,174.312
4.49625,116.81
4.49975,35.9342
4.50325,87.8013
4.50675,61.5206
4.51026,139.351
4.51376,59.8741
4.51726,161.917
4.52076,64.6426
4.52426,21.6067
4.52776,166.2
4.53127,62.1204
4.53477,35.8481
4.53827,129.141
4.54177,214.546
4.54527,57.6254
4.54877,9.55301
4.55228,18.521
4.55578,128.257
4.55928,65.6413
4.56278,-103.99
4.56628,42.9954
4.56978,106.315
4.57329,104.54
4.57679,-58.189
4.58029,132.745
4.58379,-66.8569
4.58729,50.8167
4.5908,226.54
4.5943,52.6081
4.5978,201.99
4.6013,-24.4901
4.6048,98.8955
4.6083,100.644
4.61181,33.0696
4.61531,65.3133
4.61881,155.541
4.62231,109.432
4.62581,137.772
4.62931,57.7458
4.63282,129.563
4.63632,-17.7267
4.63982,4.13277
4.64332,172.999
4.64682,-28.1862
4.65033,-5.54604
4.65383,60.4446
4.65733,50.8283
4.66083,20.4617
4.66433,2.38133
4.66783,42.0159
4.67134,82.1767
4.67484,52.7288
4.67834,-12.4542
4.68184,0.261707
4.68534,-11.1265
4.68884,24.4741
4.69235,22.8768
4.69585,21.5337
4.69935,9.99907
4.70285,24.0158
4.70635,9.44181
4.70985,-0.920114
4.71336,-6.92852
4.71686,-2.67778
4.72036,-18.8151
4.72386,-15.5933
4.72736,-29.3643
4.73087,-6.61758
4.73437,-56.1464
4.73787,-16.2274
4.74137,-37.5429
4.74487,34.9198
4.74837,-53.9407
4.75188,-52.1746
4.75538,-40.7284
4.75888,-63.8422
4.76238,-41.2772
4.76588,38.4029
4.76938,-2.21304
4.77289,-27.7516
4.77639,-91.4754
4.77989,-71.0574
4.78339,-8.81301
4.78689,-61.8335
4.7904,-33.8499
4.7939,-37.1106
4.7974,-120.906
4.8009,-166.438
4.8044,-123.437
4.8079,-164.049
4.81141,-7.88682
4.81491,-84.6703
4.81841,-71.2398
4.82191,-40.4998
4.82541,5.56924
4.82891,-35.8922
4.83242,-21.1747
4.83592,-111.074
4.83942,-28.7751
4.84292,-52.3375
4.84642,-47.3992
4.84992,-206.274
4.85343,-111.396
4.85693,39.1443
4.86043,157.725
4.86393,-77.1661
4.86743,-247.7
4.87094,55.5901
4.87444,-11.6938
4.87794,140.532
4.88144,-190.887
4.88494,-83.9959
4.88844,-6.6826
4.89195,-36.0103
4.89545,-20.3746
4.89895,-94.4068
4.90245,45.7674
4.90595,-61.052
4.90945,3.41084
4.91296,-8.94431
4.91646,-86.8675
4.91996,-55.2738
4.92346,-14.1357
4.92696,-63.3913
4.93047,-72.3986
4.93397,-175.95
4.93747,34.5897
4.94097,15.5222
4.94447,-41.279
4.94797,-76.3101
4.95148,-6.14819
4.95498,-49.7923
4.95848,1.4485
4.96198,-57.6539
4.96548,-83.3833
4.96898,-33.3396
4.97249,-49.5192
4.97599,28.2077
4.97949,-91.4916
4.98299,-27.1202
4.98649,-47.6312
4.98999,-86.5618
4.9935,-42.4086
4.997,-33.6683
5.0005,-31.7329
5.004,-42.786
5.0075,-14.1481
5.01101,-25.0975
5.01451,8.30304
5.01801,2.64293
5.02151,-5.22149
5.02501,4.14352
5.02851,2.42081
5.03202,4.20137
5.03552,19.8368
5.03902,-11.1185
5.04252,-9.528
5.04602,-5.4271
5.04952,3.05577
5.05303,-5.16159
5.05653,22.3355
5.06003,34.5302
5.06353,20.849
5.06703,77.9121
5.07054,-21.3747
5.07404,-0.0881079
5.07754,14.3578
5.08104,77.1757
5.08454,77.472
5.08804,107.765
5.09155,13.0844
5.09505,20.2598
5.09855,14.2009
5.10205,70.1505
5.10555,23.8522
5.10905,1.80016
5.11256,7.79216
5.11606,40.8053
5.11956,8.24925
5.12306,144.58
5.12656,57.0388
5.13007,131.779
5.13357,17.7107
5.13707,104.947
5.14057,47.888
5.14407,143.206
5.14757,-63.9619
5.15108,88.0369
5.15458,76.9044
5.15808,53.5426
5.16158,-76.6109
5.16508,114.53
5.16858,22.9665
5.17209,104.617
5.17559,43.0621
5.17909,42.49
5.18259,104.655
5.18609,73.6446
5.18959,2.32057
5.1931,34.5711
5.1966,-29.1452
5.2001,16.5058
5.2036,60.7678
5.2071,8.56224
5.21061,53.162
5.21411,-46.6079
5.21761,58.8403
5.22111,44.9866
5.22461,63.0304
5.22811,88.6101
5.23162,35.7303
5.23512,26.371
5.23862,41.3793
5.24212,63.6171
5.24562,62.8399
5.24912,81.3284
5.25263,55.78
5.25613,34.9521
5.25963,95.726
5.26313,1.52235
5.26663,41.6726
5.27014,13.1747
5.27364,5.52529
5.27714,50.4678
5.28064,52.842
5.28414,-0.455758
5.28764,19.2932
5.29115,35.6144
5.29465,45.3379
5.29815,34.9307
5.30165,-1.22892
5.30515,19.8404
5.30865,40.4117
5.31216,16.4734
5.31566,27.3224
5.31916,-1.53981
5.32266,14.2133
5.32616,15.3684
5.32966,6.3918
5.33317,10.6526
5.33667,1.15785
5.34017,1.97705
5.34367,-2.97931
5.34717,-1.96851
5.35068,-5.7975
5.35418,-2.38009
5.35768,-9.52889
5.36118,-23.4238
5.36468,-14.1523
5.36818,-4.47822
5.37169,-20.6857
5.37519,-4.13612
5.37869,-16.2347
5.38219,-9.92747
5.38569,-4.68489
5.38919,-27.1799
5.3927,-13.7998
5.3962,-6.61691
5.3997,-36.2096
5.4032,-50.8621
5.4067,-52.2932
5.41021,-35.5221
5.41371,-52.7978
5.41721,22.3657
5.42071,-32.0038
5.42421,-2.12293
5.42771,-31.256
5.43122,-2.11587
5.43472,-67.9992
5.43822,-88.9491
5.44172,-23.0901
5.44522,-47.3051
5.44872,-7.75258
5.45223,-33.288
5.45573,13.9914
5.45923,-83.6584
5.46273,-37.6165
5.46623,-63.178
5.46973,-25.8268
5.47324,-51.6756
5.47674,-19.7315
5.48024,-57.8392
5.48374,-56.3178
5.48724,-26.7544
5.49075,31.5105
5.49425,-3.50866
5.49775,-16.4887
5.50125,4.81135
5.50475,10.8962
5.50825,-3.27274
5.51176,-23.7627
5.51526,-36.1841
5.51876,-50.1475
5.52226,-14.4469
5.52576,-63.7552
5.52926,15.3702
5.53277,-18.1991
5.53627,-27.7312
5.53977,-20.0843
5.54327,-34.2606
5.54677,-43.4898
5.55028,-52.9515
5.55378,-6.30376
5.55728,-20.6264
5.56078,-15.8484
5.56428,-31.4461
5.56778,-13.5172
5.57129,-22.8905
5.57479,-19.8086
5.57829,5.40521
5.58179,-35.9311
5.58529,-16.5857
5.58879,-8.50519
5.5923,-3.79099
5.5958,14.6329
5.5993,-24.0638
5.6028,-21.0009
5.6063,-29.7303
5.6098,-13.76
5.61331,-8.8059
5.61681,-21.0462
5.62031,4.83085
5.62381,-1.78408
5.62731,0.25029
5.63082,-2.62297
5.63432,6.0803
5.63782,1.75874
5.64132,-1.7707
5.64482,-5.18871
5.64832,-7.55301
5.65183,-2.24986
5.65533,-0.555405
5.65883,0.566831
5.66233,-2.33589
5.66583,-1.40987
5.66933,1.9991
5.67284,1.70515
5.67634,10.723
5.67984,3.14121
5.68334,3.10973
5.68684,3.33184
5.69035,0.658833
5.69385,13.5415
5.69735,13.0942
5.70085,-2.04322
5.70435,24.4401
5.70785,4.24976
5.71136,15.2383
5.71486,18.6191
5.71836,8.342
5.72186,12.0619
5.72536,1.74709
5.72886,11.6755
5.73237,24.8146
5.73587,15.2057
5.73937,20.907
5.74287,20.8326
5.74637,16.4155
5.74987,6.89345
5.75338,8.9232
5.75688,39.8979
5.76038,-9.13185
5.76388,13.4945
5.76738,23.7671
5.77089,39.1756
5.77439,-9.67081
5.77789,11.8946
5.78139,17.0826
5.78489,5.27828
5.78839,-22.3271
5.7919,2.49124
5.7954,5.73726
5.7989,19.3492
5.8024,29.4579
5.8059,-5.76681
5.8094,28.7236
5.81291,5.23222
5.81641,6.38639
5.81991,7.40163
5.82341,13.1772
5.82691,13.4948
5.83042,17.4289
5.83392,27.8952
5.83742,8.58432
5.84092,6.86523
5.84442,17.7972
5.84792,22.9134
5.85143,18.9211
5.85493,27.4677
5.85843,23.306
5.86193,6.52211
5.86543,-6.79164
5.86893,-8.33192
5.87244,13.0509
5.87594,-4.73595
5.87944,14.2431
5.88294,15.3142
5.88644,14.5006
5.88994,26.8612
5.89345,-2.40962
5.89695,-6.95264
5.90045,9.81411
5.90395,28.3678
5.90745,11.1427
5.91096,16.0195
5.91446,3.29556
5.91796,2.3322
5.92146,9.00409
5.92496,1.52861
5.92846,4.85118
5.93197,-1.49589
5.93547,0.286925
5.93897,-16.8399
5.94247,7.55318
5.94597,2.92247
5.94947,-9.43554
5.95298,-3.72056
5.95648,-3.46211
5.95998,-7.11848
5.96348,-0.983892
5.96698,2.65766
5.97049,-1.57921
5.97399,4.69026
5.97749,0.869402
5.98099,0.961577
5.98449,-0.64747
5.98799,-0.376692
5.9915,-0.27946
5.995,2.03614
5.9985,-0.609371
6.002,2.63919
6.0055,-1.93947
6.009,5.38011
6.01251,-7.22425
6.01601,-2.57526
6.01951,8.64722
6.02301,-5.02809
6.02651,2.04242
6.03002,-2.71898
6.03352,-4.30593
6.03702,-5.17293
6.04052,-1.66822
6.04402,11.0197
6.04752,-1.60086
6.05103,-4.34301
6.05453,1.4817
6.05803,-4.28884
6.06153,-2.22892
6.06503,-7.63535
6.06853,-13.3634
6.07204,-2.88006
6.07554,-11.6901
6.07904,-9.2533
6.08254,-5.57042
6.08604,2.12124
6.08954,3.86156
6.09305,-12.129
6.09655,4.95297
6.10005,-4.86518
6.10355,-3.35232
6.10705,0.639676
6.11056,-11.1694
6.11406,0.185122
6.11756,-19.9937
6.12106,-5.94363
6.12456,-3.07266
6.12806,-11.1133
6.13157,4.15072
6.13507,-3.26614
6.13857,-14.128
6.14207,-6.87623
6.14557,12.3077
6.14907,7.41247
6.15258,-4.35954
6.15608,-1.00114
6.15958,-6.78567
6.16308,-1.77343
6.16658,-5.64669
6.17009,-5.7604
6.17359,-10.8436
6.17709,0.89385
6.18059,2.54239
6.18409,4.80939
6.18759,5.91629
6.1911,-9.30313
6.1946,-5.76341
6.1981,-0.414284
6.2016,-2.92833
6.2051,3.15577
6.2086,-1.43809
6.21211,-3.87205
6.21561,-2.30169
6.21911,-0.591826
6.22261,7.04116
6.22611,-8.89491
6.22961,1.14867
6.23312,-0.558005
6.23662,1.56913
6.24012,-8.37543
6.24362,-3.21607
6.24712,-1.97542
6.25063,-4.65324
6.25413,-3.88714
6.25763,-6.51396
6.26113,-1.51727
6.26463,2.18762
6.26813,1.36172
6.27164,-7.73197
6.27514,1.47151
6.27864,8.0986
6.28214,-5.18947
6.28564,3.58613
6.28914,-1.9204
6.29265,-1.45785
6.29615,2.01012
6.29965,-0.413925
6.30315,1.95574
6.30665,-4.74649
6.31016,-0.624453
6.31366,4.03136
6.31716,-3.59465
6.32066,-0.622248
6.32416,-2.02633
6.32766,2.08296
6.33117,2.04713
6.33467,14.6823
6.33817,4.82526
6.34167,2.4979
6.34517,4.67251
6.34867,2.46257
6.35218,-4.16098
6.35568,6.06089
6.35918,0.580061
6.36268,8.74581
6.36618,-4.6089
6.36968,2.73796
6.37319,4.20115
6.37669,-13.7563
6.38019,7.96975
6.38369,-1.8278
6.38719,1.5751
6.3907,-8.62301
6.3942,-9.47758
6.3977,5.94869
6.4012,-3.2826
6.4047,3.74284
6.4082,7.33413
6.41171,2.75494
6.41521,6.62795
6.41871,-7.80644
6.42221,5.6477
6.42571,-4.31158
6.42921,2.45861
6.43272,6.10134
6.43622,6.78684
6.43972,0.691532
6.44322,-1.51356
6.44672,-10.154
6.45023,7.1221
6.45373,-3.78948
6.45723,3.72563
6.46073,6.84988
6.46423,-8.50925
6.46773,2.06206
6.47124,7.19308
6.47474,5.4362
6.47824,-1.04843
6.48174,1.61901
6.48524,-3.52602
6.48874,-9.98403
6.49225,-5.38886
6.49575,1.53644
6.49925,-8.15234
6.50275,3.54836
6.50625,8.41217
6.50975,-5.40461
6.51326,1.65931
6.51676,3.92627
6.52026,-3.00513
6.52376,-13.0201
6.52726,-1.40884
6.53077,8.84374
6.53427,-2.11668
6.53777,0.524791
6.54127,-6.68725
6.54477,4.63418
6.54827,1.62369
6.55178,13.6827
6.55528,2.59186
6.55878,2.71003
6.56228,0.816387
6.56578,7.87425
6.56928,-2.11941
6.57279,2.28466
6.57629,4.84768
6.57979,-1.04976
6.58329,-0.49824
6.58679,1.43898
6.5903,-8.46142
6.5938,-3.87317
6.5973,-4.98273
6.6008,0.412258
6.6043,5.27003
6.6078,-2.92481
6.61131,0.106284
6.61481,-0.330671
6.61831,-2.01202
6.62181,11.811
6.62531,-3.52443
6.62881,4.23237
6.63232,2.87967
6.63582,-6.44132
6.63932,-5.78936
6.64282,0.656186
6.64632,8.98572
6.64982,1.46942
6.65333,-3.48262
6.65683,-3.45134
6.66033,-6.68851
6.66383,-4.08559
6.66733,-3.56353
6.67084,-4.81103
6.67434,3.36401
6.67784,-2.50636
6.68134,-6.81921
6.68484,-1.13453
6.68834,2.20534
6.69185,2.96111
6.69535,-8.11336
6.69885,0.345702
6.70235,-0.539171
6.70585,1.72498
6.70935,-2.48939
6.71286,3.86334
6.71636,0.429217
6.71986,-1.33837
6.72336,-2.86712
6.72686,-7.09118
6.73037,0.631282
6.73387,7.63917
6.73737,4.0895
6.74087,5.44426
6.74437,1.29481
6.74787,-1.23237
6.75138,5.58173
6.75488,-2.76029
6.75838,8.30345
6.76188,2.38404
6.76538,-14.5969
6.76888,1.01606
6.77239,0.0792239
6.77589,-2.29312
6.77939,-2.49886
6.78289,-4.34859
6.78639,-3.76492
6.78989,-2.61359
6.7934,-0.0400294
6.7969,5.50372
6.8004,2.28973
6.8039,1.3323
6.8074,-4.32777
6.81091,-1.30409
6.81441,-9.0286
6.81791,0.0228112
6.82141,3.52162
6.82491,-2.18054
6.82841,-0.998772
6.83192,-1.15729
6.83542,-9.17024
6.83892,-2.94832
6.84242,-1.92454
6.84592,-6.89996
6.84942,1.49963
6.85293,5.21813
6.85643,-4.62581
6.85993,1.84166
6.86343,1.06227
6.86693,-1.90965
6.87044,-3.88112
6.87394,5.1612
6.87744,-14.0611
6.88094,4.49156
6.88444,1.79433
6.88794,2.12381
6.89145,-2.89826
6.89495,7.14794
6.89845,-0.404568
6.90195,-6.54716
6.90545,4.68445
6.90895,-1.06318
6.91246,5.43139
6.91596,-1.46334
6.91946,-1.98846
6.92296,-0.790599
6.92646,-6.67421
6.92996,-3.4099
6.93347,2.77827
6.93697,4.04329
6.94047,-0.838091
6.94397,-1.27425
6.94747,-1.24341
6.95098,-3.21469
6.95448,4.87562
6.95798,2.57822
6.96148,-6.59634
6.96498,1.32507
6.96848,7.31178
6.97199,-0.810248
6.97549,-1.43005
6.97899,-0.806986
6.98249,7.39422
6.98599,-1.12362
6.98949,6.04845
6.993,-0.651804
6.9965,-2.63593
7,4.5147
